<?xml version="1.0" encoding="UTF-8"?>
<beans:beans xmlns="http://www.springframework.org/schema/mvc"
	xmlns:xsi="http://www.w3.org/2001/XMLSchema-instance"
	xmlns:beans="http://www.springframework.org/schema/beans"
	xmlns:context="http://www.springframework.org/schema/context"
	xsi:schemaLocation="http://www.springframework.org/schema/mvc https://www.springframework.org/schema/mvc/spring-mvc.xsd
		http://www.springframework.org/schema/beans https://www.springframework.org/schema/beans/spring-beans.xsd
		http://www.springframework.org/schema/context https://www.springframework.org/schema/context/spring-context.xsd">

	<!-- DispatcherServlet Context: defines this servlet's request-processing infrastructure -->
	
	<!-- Enables the Spring MVC @Controller programming model -->
	<annotation-driven />

	

	<!-- Resolves views selected for rendering by @Controllers to .jsp resources in the /WEB-INF/views directory -->
	<beans:bean class="org.springframework.web.servlet.view.InternalResourceViewResolver">
		<beans:property name="prefix" value="/WEB-INF/views/" />
		<beans:property name="suffix" value=".jsp" />
	</beans:bean>
	
	<!-- Handles HTTP GET requests for /resources/** by efficiently serving up static resources in the ${webappRoot}/resources directory -->
	<resources mapping="/resources/**" location="/resources/" />
	
	<!-- 업로드 패스 설정 --> 
	<beans:bean class="java.lang.String" id="uploadPath">		
		<beans:constructor-arg value="D:\workspaceSpring\.metadata\.plugins\org.eclipse.wst.server.core\tmp0\wtpwebapps\project01\resources"/>											
	</beans:bean>	
	
	<!-- 일반 파일 업로드 경로 -->
	<resources mapping="/imgUpload/**" location="/resources/imgUpload/" />
	
	<!-- 대체 이미지 경로 -->
	<resources mapping="/images/**" location="/resources/images/" />
	
	<beans:bean class="org.springframework.web.multipart.commons.CommonsMultipartResolver" id="multipartResolver">
		<beans:property name="maxUploadSize" value="10485760"/>
	</beans:bean>
	
	
	
	<!-- 컨트롤러 -->
	<context:component-scan base-package="com.myproject.controller"></context:component-scan>	
	
	
	
	
</beans:beans>
